<?xml version="1.0" encoding="UTF-8"?>
<project-private xmlns="http://www.netbeans.org/ns/project-private/1">
    <editor-bookmarks xmlns="http://www.netbeans.org/ns/editor-bookmarks/2" lastBookmarkId="0"/>
    <open-files xmlns="http://www.netbeans.org/ns/projectui-open-files/2">
        <group>
            <file>file:/C:/Users/Moi(/Desktop/pull4/Code/Delfin_Svømmehal%20(Netbeans)/src/FormandAdgang/Registration.java</file>
            <file>file:/C:/Users/Moi(/Desktop/pull4/Code/Delfin_Svømmehal%20(Netbeans)/src/FormandAdgang/FilePrinter.java</file>
            <file>file:/C:/Users/Moi(/Desktop/pull4/Code/Delfin_Svømmehal%20(Netbeans)/src/Trainer/Trainer.java</file>
            <file>file:/C:/Users/Moi(/Desktop/pull4/Code/Delfin_Svømmehal%20(Netbeans)/test/Trainer/TeamTest.java</file>
            <file>file:/C:/Users/Moi(/Desktop/pull4/Code/Delfin_Svømmehal%20(Netbeans)/src/GUI/GUIMember.java</file>
            <file>file:/C:/Users/Moi(/Desktop/pull4/Code/Delfin_Svømmehal%20(Netbeans)/src/FormandAdgang/Member.java</file>
            <file>file:/C:/Users/Moi(/Desktop/pull4/Code/Delfin_Svømmehal%20(Netbeans)/src/GUI/FGUI.java</file>
            <file>file:/C:/Users/Moi(/Desktop/pull4/Code/Delfin_Svømmehal%20(Netbeans)/src/Trainer/Team.java</file>
            <file>file:/C:/Users/Moi(/Desktop/pull4/Code/Delfin_Svømmehal%20(Netbeans)/src/GUI/TGUI.java</file>
            <file>file:/C:/Users/Moi(/Desktop/pull4/Code/Delfin_Svømmehal%20(Netbeans)/test/FormandAdgang/MemberTest.java</file>
            <file>file:/C:/Users/Moi(/Desktop/pull4/Code/Delfin_Svømmehal%20(Netbeans)/src/Kontingent/KontingentBetaling.java</file>
        </group>
    </open-files>
</project-private>
